name,calories,abv,IBU,SRM,Price,User Rating,Efficiency
Abita Amber,128,4.5,24,10,13.41,4.2,68.2
Abita Golden,125,4.2,31,6,11.81,5.0,65.2
Abita Jockamo IPA,190,6.5,75,8,14.99,3.1,66.4
Abita Light,118,4,35,8,3.78,4.7,65.8
Abita Purple Haze,128,4.2,20,6,8.77,3.2,63.7
Abita Restoration,167,5,29,12,4.89,3.6,58.1
Abita Turbodog,168,5.6,29,5,13.47,4.6,64.7
Amstel Light,99,4.1,21,7,6.53,4.3,80.4
Anchor Porter,209,5.6,33,37,6.06,3.0,52
Anchor Steam,153,4.9,18,6,7.99,4.9,62.1
Augustiner Amber Lager,135,4.3,10,2,12.36,3.9,61.8
Bass Ale,156,5,25,6,3.82,4.6,62.2
Beach Bum Blonde Ale,163,5.4,18,9,5.0,2.9,64.3
Beck's,143,5,28,5,9.1,4.0,67.8
Beck's Light,64,2.3,31,8,3.4,4.4,69.7
Blatz Beer ,153,4.8,27,7,9.04,4.2,60.9
Blue Moon Belgian White,164,5.36,27,4,3.15,4.9,63.4
Blue Moon Full Moon Winter Ale,180,5.52,17,12,3.03,3.7,59.5
Blue Moon Harvest Moon Pumpkin Ale,180,5.76,35,12,3.89,3.9,62.1
Blue Moon Honey Moon Summer Ale,157,5.12,18,12,7.37,4.8,63.3
Blue Moon Rising Moon Spring Ale,161,5.4,33,9,9.24,2.7,65.1
Blue Point Toasted Lager,175,5.3,13,5,13.85,4.0,58.8
Boddington's Ale,148,4.7,21,10,10.21,3.3,61.6
Brooklyn Black Chocolate Stout,320,10,50,35,7.19,3.9,60.6
Brooklyn Brown Ale,190,5.6,25,6,11.57,2.8,57.2
Brooklyn East India Pale Ale,200,6.9,50,10,14.02,2.7,66.9
Brooklyn Lager,170,5.2,25,3,14.74,3.3,59.4
Brooklyn Monster,305,10.1,24,5,7.58,4.4,64.3
Brooklyn Pennant Pale Ale,160,5,30,6,12.78,3.3,60.6
Brooklyn Pilsner,155,5.1,22,2,13.98,3.6,63.8
Brooklyn Summer Ale,150,5,19,6,10.29,2.9,64.7
Brooklyn Winter Ale,205,6.1,31,9,4.31,4.5,57.7
Bud American Ale,182,5.3,27,12,5.35,3.7,56.5
Bud Ice,123,5.5,35,7,13.95,4.0,86.8
Bud Light,110,4.2,18,5,10.91,2.9,74.1
Bud Light Chelada Clamato,151,4.2,30,6,7.74,4.5,54
Bud Light Lime,116,4.2,31,8,13.29,2.8,70.3
Bud Light Platinum,137,6,34,5,13.9,3.9,85
Budweiser,145,5,23,10,4.58,4.9,66.9
Budweiser Chelada,186,5,16,10,10.79,4.3,52.2
Budweiser Select,99,4.3,27,12,9.83,4.1,84.3
Budweiser Select 55,55,2.4,15,4,11.19,4.9,84.7
Busch,114,4.3,31,5,7.56,4.9,73.2
Busch Ice,136,5.9,33,9,10.38,4.0,84.2
Busch Light,95,4.1,25,4,5.91,3.9,83.7
Carling Black Label,138,4.3,23,9,6.89,2.8,60.5
Coors Banquet,147,5,30,7,13.21,2.8,66
Coors Extra Gold,152,4.97,22,9,5.2,3.1,63.4
Coors Light ,102,4.2,28,12,9.4,4.9,79.9
Corona Extra,149,4.6,17,4,12.53,3.4,59.9
Corona Familiar,154,4.8,19,6,12.55,2.8,60.5
Corona Light,99,4.1,21,7,14.18,4.3,80.4
Corona Premier,90,4,26,4,14.21,2.8,86.2
Cristal (Peru),132,4.6,15,5,7.04,4.1,67.6
Cusquena,141,4.8,33,8,3.95,2.8,66.1
Deschutes Black Butte Porter,192,5.2,50,36,13.73,4.0,52.6
Deschutes Fresh Squeezed IPA,225,6.4,57,6,3.2,2.6,55.2
Deschutes Inversion IPA,228,6.8,82,13,7.35,2.8,57.9
Deschutes Mirror Pond Ale,170,5,32,10,8.79,2.8,57.1
Dogfish Head 120 Minute IPA,450,18,57,9,3.33,3.2,77.6
Dogfish Head 60 Minute IPA,209,6,87,7,11.8,4.6,55.7
Dogfish Head 90 Minute IPA,294,9,78,11,11.68,3.0,59.4
Dogfish Head Midas Touch,307,9,23,6,6.82,4.7,56.9
Dogfish Head Red & White,310,10,31,16,12.77,4.5,62.6
Dogfish Head Shelter Pale Ale,168,5,30,5,4.89,2.8,57.8
Efes Pils,170,5,23,4,3.92,3.7,57.1
Firestone DBA,166,5,28,7,13.36,4.1,58.4
Flying Dog Doggie Style Pale Ale,150,5.5,47,9,7.73,4.1,71.1
Flying Dog Double Dog,313,11.5,19,10,12.81,4.6,71.3
Flying Dog Gonzo,271,9.2,17,8,5.13,4.4,65.9
Flying Dog Horn Dog,314,10.2,31,11,11.99,4.9,63
Flying Dog In Heat Wheat,138,4.7,18,3,3.7,3.8,66.1
Flying Dog Kerberos Tripel,238,8.5,24,10,12.15,3.5,69.3
Flying Dog Old Scratch Amber Lager,154,5.5,16,3,4.98,4.3,69.3
Flying Dog Raging Bitch,221,8.3,17,4,3.27,3.5,72.9
Flying Dog Road Dog,163,6,20,7,14.74,3.9,71.4
Flying Dog Snake Dog IPA,188,7.1,63,13,3.03,4.7,73.3
Flying Dog Tire Bite Golden Ale,129,5.1,25,11,5.02,3.8,76.7
Foster's,146,5,18,9,5.56,4.9,66.5
Foster's Premium Ale,161,5.5,31,7,10.23,3.3,66.3
Genesee Beer,148,4.5,19,8,14.04,2.7,59
Genesee Cream Ale,162,5.1,15,11,6.24,4.1,61.1
Genesee Ice,156,5.9,28,11,10.27,4.2,73.4
Genesee Red,148,4.9,22,13,14.02,4.0,64.2
George Killian's Irish Red,168,5.4,21,13,11.75,3.0,62.4
Grolsch Amber Ale,160,5.4,40,16,9.21,3.7,65.5
Grolsch Blonde Lager,120,2.8,21,6,3.64,2.5,45.3
Grolsch Light Lager,97,3.6,12,4,4.77,4.3,72
Grolsch Premium Lager,142,5,17,4,10.29,3.2,68.3
Guinness Draught,125,4.27,22,9,7.06,2.7,66.3
Guinness Extra Stout,153,5,55,25,14.65,4.4,63.4
Hamm's Beer,142,4.7,32,12,6.79,3.0,64.2
Hamm's Special Light,110,3.8,21,5,12.6,3.4,67
Harbin,144,4.6,25,8,7.24,5.0,62
Harp Lager,155,5.2,16,2,13.8,4.4,65.1
Heineken,150,5,18,5,9.7,2.9,64.7
Heineken Light,99,4.2,27,9,3.22,2.9,82.3
Hiland Light,97,4,34,11,10.91,4.8,80
Hoegaarden Belgian White,153,4.9,24,7,7.78,4.5,62.1
Irish Red Ale,196,5.7,27,13,4.81,3.0,56.4
Iron City,140,4.5,24,8,8.08,3.5,62.4
Iron City Light,95,4.15,31,8,13.46,2.6,84.8
Keystone Ice,142,5.9,17,10,3.56,2.9,80.6
Keystone Light,104,4.13,24,9,8.17,4.1,77.1
Keystone Premium,111,4.43,21,10,5.51,4.6,77.4
Kirin,147,5,31,5,5.14,3.8,66
Kirin Light,95,3.2,34,6,8.18,3.1,65.4
Lagunitas Brown Shugga',335,9.7,31,9,14.09,3.7,56.2
Lagunitas Hop Stoopid,285,8,18,5,11.14,3.4,54.5
Lagunitas IPA,194,6.2,83,12,7.49,4.7,62
Lagunitas Little Sumpin' Sumpin' Ale,230,7.5,17,7,5.76,3.1,63.3
Lech,143,4.9,24,7,5.17,4.1,66.5
Leinenkugel Amber Light,110,4.14,33,15,7.39,3.2,73
Leinenkugel Creamy Dark,170,4.94,15,11,13.33,4.5,56.4
Leinenkugel Honey Weiss,149,4.92,26,11,6.71,4.6,64.1
Leinenkugel Light,105,4.19,26,11,3.69,3.8,77.4
Leinenkugel Northwoods Lager,163,4.94,12,5,13.3,3.5,58.8
Leinenkugel Original,152,4.67,26,12,11.89,3.6,59.6
Leinenkugel Red ,166,4.94,32,16,3.98,3.0,57.7
Leinenkugel Sunset Wheat,165,4.9,10,5,10.17,4.6,57.6
Lowenbrau Dark,160,5,32,12,10.99,3.5,60.6
Lowenbrau Special Beer,160,5.2,29,4,6.06,3.1,63.1
Magic Hat #9,153,5.1,30,6,3.68,2.7,64.7
Michael Shea's,145,4.62,33,12,11.8,3.2,61.8
Michelob AmberBock,155,5.2,27,15,12.83,2.8,65.1
Michelob Beer,164,5,26,12,12.58,4.4,59.2
Michelob Dunkelweisse,167,5.5,25,10,6.05,4.8,63.9
Michelob Golden Draft,152,4.7,25,6,14.53,3.3,60
Michelob Golden Draft Light,110,4.1,32,10,6.59,2.7,72.3
Michelob Honey Lager,174,4.9,21,2,7.7,3.9,54.6
Michelob Light,123,4.3,22,8,6.08,3.0,67.8
Michelob Pale Ale,187,5.6,32,12,6.82,4.0,58.1
Michelob Porter,187,5.9,53,31,14.96,4.1,61.2
Michelob Ultra,95,4.2,22,10,10.04,4.8,85.8
Michelob Ultra Amber,95,4,21,10,8.49,3.6,81.7
Michelob Ultra Lime Cactus,95,4,30,8,13.06,3.7,81.7
Michelob Ultra Pure Gold,85,4.3,25,10,3.87,4.1,86.7
Mickey's Ice ,157,5.8,24,8,7.87,4.1,71.7
Miller Fortune,186,6.9,27,11,9.9,4.7,72
Miller Genuine Draft (MGD),140,4.6,34,4,3.02,3.4,63.8
Miller High Life,141,4.6,20,5,9.58,2.7,63.3
Miller High Life Light,107,4.1,16,4,9.9,3.5,74.4
Miller Lite,96,4.2,31,8,6.06,2.8,84.9
Miller64,64,2.8,16,9,3.33,3.9,84.9
Milwaukee's Best (Premium),142,4.8,15,4,11.76,3.3,65.6
Milwaukee's Best Ice (Beast Ice),173,5.9,21,6,5.36,3.4,66.2
Milwaukee's Best Light,96,4.1,34,8,14.68,3.7,82.9
Modelo Especial,145,4.4,26,12,13.32,2.5,58.9
Molson Canadian,136,5,17,4,3.7,3.7,71.3
Molson Canadian 67,67,3,32,4,10.88,3.6,86.9
Molson Canadian Light,113,3.9,25,12,10.8,2.8,67
Molson Ice,160,5.6,27,10,5.22,4.9,67.9
Natty Daddy,183,8,21,7,5.02,4.9,84.8
Natural Ice,130,5.9,22,8,7.98,2.9,88.1
Natural Light ,95,4.2,34,7,13.9,3.9,85.8
Negra Modelo,170,5.4,24,11,12.16,3.1,61.6
New Belgium 1554,205,5.6,25,9,8.31,3.9,53
New Belgium 2 Below,200,6.6,28,12,7.44,3.2,64
New Belgium Abbey,200,7,25,4,11.55,3.2,67.9
New Belgium Blue Paddle,140,4.8,31,12,5.27,3.2,66.5
New Belgium Fat Tire,160,5.2,24,7,10.27,3.9,63.1
New Belgium Mothership Wit,155,4.8,17,3,9.06,4.1,60.1
New Belgium Skinny Dip,110,4.2,30,12,9.9,3.1,74.1
New Belgium Sunshine Wheat,145,4.8,14,4,3.78,4.3,64.2
New Belgium Trippel,215,7.8,22,9,13.53,3.9,70.4
New Planet Tread Lightly Ale,125,5,15,11,5.06,2.6,77.6
Newcastle Brown Ale,150,4.7,35,8,11.1,2.8,60.8
Old Milwaukee Beer,145,4.6,19,5,5.81,2.8,61.6
Old Milwaukee Light,110,3.82,22,6,9.02,2.9,67.4
Olympia Premium Lager,146,4.7,14,4,8.81,2.7,62.5
Ommegang Three Philosophers,290,9.7,15,5,10.53,2.7,64.9
Omission IPA,195,6.7,82,14,6.4,4.1,66.7
Omission Lager,140,4.6,15,2,8.4,4.3,63.7
Omission Pale Ale,175,5.8,44,6,3.72,3.4,64.3
Omission Ultimate Light,99,4.2,29,9,9.94,4.9,82.3
Pabst Blue Ribbon,144,4.74,25,11,10.83,4.9,63.9
Pabst Extra Light Low Alcohol,67,2.5,19,4,11.58,3.0,72.4
Pacifico,145,4.4,28,6,8.46,3.7,58.9
Peroni Nastro Azzurro,149,5.1,27,4,5.6,4.1,66.4
Pete's Wicked Ale,174,5.3,21,12,4.27,2.6,59.1
Pilsner Urquell,156,4.4,23,5,7.21,3.1,54.7
Presidente,147,5,23,6,3.51,4.0,66
Red Bridge,160,4.8,31,10,9.95,4.5,58.2
Red Dog,147,5,21,16,6.45,3.8,66
Red Stripe,153,4.9,36,16,6.09,3.6,62.1
Redd's Apple Ale,165,5,39,13,9.53,4.6,58.8
Redhook ESB,179,5.77,35,14,12.33,4.7,62.5
Redhook IPA,188,6.5,69,7,4.44,3.7,67.1
Redhook Slim Chance,125,3.9,36,14,8.04,4.5,60.5
Rock Bottom Illuminator Doppelback,288,6.67,25,10,10.82,4.8,44.9
Rogue Dead Guy Ale,216,6.8,28,8,12.06,3.6,61.1
Rolling Rock Extra Pale,142,4.6,20,11,14.01,4.3,62.9
Rolling Rock Green Light,83,3.7,20,10,4.18,2.7,86.5
Rolling Rock Premium Beer ,132,4.5,22,11,13.75,4.1,66.2
Russian River Pliny the Elder,236,8,16,10,13.65,3.9,65.8
Sam Adams Black Lager,191,4.9,23,2,10.86,2.9,49.8
Sam Adams Blackberry Witbier,176,5.5,15,7,5.04,3.7,60.6
Sam Adams Boston Ale,188,5.4,15,6,3.23,3.2,55.7
Sam Adams Boston Lager ,175,5,24,2,4.99,3.9,55.4
Sam Adams Brown Ale,159,5.35,15,11,3.96,3.5,65.3
Sam Adams Cherry Wheat,180,5.4,13,3,11.58,3.7,58.2
Sam Adams Coastal Wheat,167,5.3,15,5,5.14,3.8,61.6
Sam Adams Cream Stout,190,4.9,55,37,13.69,3.2,50
Sam Adams Hefeweizen,182,5.4,20,3,9.92,3.4,57.6
Sam Adams Honey Porter,192,5.45,57,36,3.84,3.2,55.1
Sam Adams Imperial Double Bock,320,9.5,30,6,4.05,2.9,57.6
Sam Adams Imperial Stout,316,9.2,39,26,3.44,3.8,56.5
Sam Adams Imperial White,328,10.3,19,5,3.12,2.8,60.9
Sam Adams IPA,175,5.93,94,11,3.18,4.2,65.8
Sam Adams Irish Red,180,5.5,34,15,9.51,3.4,59.3
Sam Adams Light,119,4.3,18,10,9.79,3.5,70.1
Sam Adams Octoberfest,180,5.4,22,11,12.75,2.7,58.2
Sam Adams Pale Ale,160,5.4,45,10,10.12,3.6,65.5
Sam Adams Scotch Ale,200,5.4,17,4,12.42,3.6,52.4
Sam Adams Summer Ale,160,5.3,15,12,9.52,2.9,64.3
Sam Adams White Ale,175,5.4,29,9,6.28,3.8,59.9
Sam Adams Winter Lager,200,5.8,13,6,12.52,3.7,56.3
Schaefer Beer,142,4.6,31,8,12.48,3.5,62.9
Schlitz Beer,146,4.7,16,4,13.3,2.7,62.5
Schlitz Light,110,4.2,20,7,6.53,3.8,74.1
Sculpin IPA,228,7,96,11,6.08,3.3,59.6
Shipyard Light,97,3.9,32,5,11.36,4.5,78
Shock Top,168,5.2,20,11,8.63,3.2,60.1
Sierra Nevada Anniversary Ale,190,5.9,33,11,13.29,2.8,60.3
Sierra Nevada Bigfoot,330,9.6,29,10,9.35,3.0,56.4
Sierra Nevada Celebration Ale,214,6.8,29,7,9.82,4.1,61.7
Sierra Nevada Draft Ale,157,5,26,11,7.66,2.9,61.8
Sierra Nevada Early Spring Beer,190,5.9,17,6,7.3,3.6,60.3
Sierra Nevada Harvest Ale,215,6.7,35,9,13.23,3.9,60.5
Sierra Nevada India Pale Ale,231,6.9,51,9,9.88,3.4,58
Sierra Nevada Pale Ale,175,5.6,30,11,10.35,2.6,62.1
Sierra Nevada Pale Bock,218,7,22,6,8.6,3.6,62.3
Sierra Nevada Porter,194,5.6,31,36,3.68,2.5,56
Sierra Nevada Stout,225,5.8,39,35,5.51,2.8,50
Sierra Nevada Summerfest,158,5,33,12,10.13,4.4,61.4
Sierra Nevada Wheat Beer,153,4.4,16,7,6.91,3.7,55.8
Signature Stroh Beer,153,4.8,19,11,7.67,3.4,60.9
Smithwick's,150,4.5,33,6,6.34,4.3,58.2
Smuttynose Fineskind IPA,200,6.9,80,12,11.24,3.7,66.9
Sol Cerveza,128,4.2,29,7,7.59,4.2,63.7
Southpaw Light,123,5,17,6,9.6,4.2,78.9
St. Pauli Girl ,148,4.9,32,11,4.51,4.4,64.2
St. Pauli Girl Special Dark,150,4.8,19,7,4.16,4.6,62.1
Stella Artois,154,5.2,32,9,6.33,3.3,65.5
Stone Pale Ale,188,5.64,38,9,10.9,4.6,58.2
Strauss Endless Summer Light,110,3.3,28,9,9.19,4.4,58.2
Stroh's Beer ,149,4.6,21,9,6.01,3.3,59.9
Stroh's Light,113,4.4,28,11,5.49,3.0,75.6
Tsingtao,157,4.8,30,9,11.25,4.1,59.3
Tuborg Deluxe Dark Export,163,5.1,21,12,5.69,3.0,60.7
Tuborg Export Quality,156,5,30,11,11.02,3.4,62.2
Tyskie,149,5.3,34,10,14.97,2.8,69
Victoria,135,4.04,16,6,11.86,3.1,58.1
Weinhard's Amber Light,135,4.2,20,14,13.25,3.9,60.4
Weinhard's Blonde Lager,161,5.1,14,6,14.41,3.6,61.5
Weinhard's Hefeweizen,151,4.9,10,7,3.4,4.2,63
Weinhard's Pale Ale,147,4.6,42,11,14.31,2.6,60.7
Weinhard's Private Reserve,150,4.8,34,5,7.86,4.3,62.1
Widmer Hefeweizen,159,4.9,20,3,4.82,3.1,59.8
Winter's Bourbon Cask Ale,165,6,18,5,13.03,3.1,70.6
Wyder's Apple Cider,150,5,4,3,9.47,3.2,64.7
Wyder's Pear Cider,136,5,0,2,7.94,4.5,71.3
Yuengling Lager,140,4.5,11,2,10.9,4.8,62.4
Yuengling Light Lager,99,3.8,24,6,7.13,3.2,74.5
Yuengling Lord Chesterfield Ale,158,5.4,30,11,8.1,3.1,66.3
Yuengling Oktoberfest,168,5.4,20,9,6.75,3.7,62.4
Yuengling Porter,160,4.7,35,29,11.49,4.8,57
Yuengling Porter,160,4.7,50,39,5.81,3.8,57
Yuengling Premium Beer,141,4.5,20,4,6.95,3.4,61.9
Hop Explosion 753,281,9.1,58,6,8.1,4.6,9.31
Pineapple Punch 601,100,10.3,82,7,14.92,3.6,5.39
Craft Master 32,269,9.0,33,15,9.46,4.4,4.2
Craft Master 69,340,11.6,35,10,5.0,4.2,9.66
Coffee Infusion 415,122,10.9,43,39,9.43,3.9,11.79
Golden Spark 325,142,11.7,23,5,7.6,2.6,7.88
Mountain Fresh 86,230,9.1,20,5,14.93,3.9,7.83
Craft Master 90,323,11.8,26,10,4.7,2.9,4.99
Craft Master 423,112,5.4,15,7,11.55,2.8,8.66
Mountain Fresh 680,304,10.8,16,4,8.27,3.0,7.33
Craft Master 534,182,10.0,21,15,14.65,2.8,7.48
Craft Master 947,331,3.9,20,3,4.12,4.7,8.99
Craft Master 473,96,7.8,20,14,14.17,3.9,7.6
Mountain Fresh 833,181,7.7,25,3,11.59,2.8,3.64
Golden Spark 367,128,10.7,14,2,5.6,3.8,4.28
Craft Master 527,167,5.3,36,12,5.95,4.9,9.76
Golden Spark 624,126,9.3,25,3,5.92,4.9,7.69
Hop Explosion 857,197,6.4,65,11,6.52,4.3,10.91
Citra Dream 414,267,6.7,89,7,9.48,3.9,7.47
Craft Master 268,83,9.9,12,8,6.86,3.8,8.13
Pineapple Punch 781,105,6.2,89,8,4.79,4.5,11.64
Citra Dream 963,200,7.2,58,6,12.62,3.8,7.49
Craft Master 975,197,6.9,12,6,13.83,4.5,7.17
Mocha Madness 79,188,4.4,31,31,12.3,3.4,13.05
Hop Explosion 314,216,3.5,67,6,14.2,2.6,11.47
Craft Master 142,198,3.8,35,12,8.03,3.2,8.74
Golden Spark 980,235,8.0,18,2,8.18,3.3,5.33
Craft Master 298,302,7.5,19,3,5.11,3.9,5.74
Craft Master 404,158,4.7,39,13,3.77,4.0,7.54
Craft Master 207,236,3.5,20,10,7.23,4.2,7.72
Craft Master 628,231,9.4,23,10,5.61,4.6,4.11
Mocha Madness 282,178,6.7,41,32,3.54,4.9,10.98
Mocha Madness 586,176,10.2,39,36,12.01,4.1,7.76
Golden Spark 898,171,5.0,10,6,6.26,3.6,3.45
Craft Master 626,297,5.3,23,14,12.58,3.7,7.68
Midnight Velvet 469,239,9.1,40,38,10.74,4.8,8.17
Crisp Breeze 206,338,5.0,11,4,5.63,4.8,5.83
Craft Master 618,344,6.5,12,7,6.16,4.2,6.13
Coffee Infusion 51,318,8.5,52,39,8.56,3.5,14.76
Craft Master 942,175,11.8,32,15,11.13,4.5,9.74
Pineapple Punch 763,332,10.6,74,12,9.16,3.5,6.84
Craft Master 988,83,9.6,35,11,11.04,4.9,8.11
Mocha Madness 902,188,9.0,57,25,6.28,3.1,7.04
Midnight Velvet 485,115,3.2,53,30,3.14,2.9,13.84
Mountain Fresh 300,165,11.3,24,3,8.57,2.9,5.62
Citra Dream 493,101,3.2,98,9,10.01,4.6,5.39
Pineapple Punch 654,222,4.9,71,8,4.54,2.5,10.5
Midnight Velvet 923,319,9.9,60,37,11.86,4.8,8.79
Golden Spark 388,335,5.4,19,2,13.0,3.7,3.49
Craft Master 649,232,6.4,32,13,4.52,3.8,5.68
Crisp Breeze 201,283,5.4,22,3,4.69,3.7,7.2
Craft Master 265,257,9.7,29,10,9.58,3.1,4.7
Pineapple Punch 385,245,10.5,90,12,13.92,4.8,5.46
Craft Master 752,341,11.6,20,3,7.32,4.3,9.43
Golden Spark 24,334,3.1,12,3,4.65,4.4,7.44
Coffee Infusion 141,159,7.0,37,26,10.81,4.2,10.21
Craft Master 804,196,8.5,14,8,5.1,2.8,8.32
Midnight Velvet 135,151,5.6,35,32,13.28,3.5,8.06
Mountain Fresh 617,178,8.3,21,5,3.99,3.6,5.24
Craft Master 226,156,10.0,26,10,11.86,3.9,4.76
Midnight Velvet 235,158,9.9,43,35,12.34,5.0,10.78
Citra Dream 83,198,6.2,76,8,13.82,2.6,10.1
Pineapple Punch 406,135,9.5,92,9,5.26,3.5,5.99
Craft Master 517,100,3.2,15,3,5.34,4.1,4.77
Mocha Madness 603,223,4.9,43,25,12.88,3.8,6.22
Midnight Velvet 482,299,3.7,45,25,13.88,4.8,13.22
Craft Master 916,96,4.3,11,8,3.4,3.6,5.98
Craft Master 429,266,11.1,10,5,10.35,4.1,6.79
Craft Master 985,350,10.1,14,6,8.71,2.7,6.7
Craft Master 156,146,5.7,21,16,10.71,3.1,6.26
Craft Master 397,292,7.1,33,13,10.27,4.1,9.94
Coffee Infusion 984,297,7.9,55,30,8.92,2.8,14.98
Mountain Fresh 770,210,5.6,24,3,3.09,3.0,6.09
Craft Master 355,285,3.9,24,11,4.27,4.8,9.9
Craft Master 974,196,9.8,14,4,13.24,3.1,7.25
Craft Master 82,113,10.8,33,13,5.65,4.3,6.14
Craft Master 268,313,5.6,19,7,4.09,2.9,8.42
Mountain Fresh 650,174,8.3,11,3,7.42,3.2,4.05
Craft Master 898,333,8.5,10,8,12.71,3.0,5.54
Craft Master 431,319,6.1,14,3,9.63,3.1,6.41
Mountain Fresh 939,294,6.7,18,3,9.16,3.6,4.24
Mountain Fresh 972,271,8.8,12,5,12.11,2.9,6.31
Pineapple Punch 957,193,3.6,83,12,13.24,3.3,5.25
Golden Spark 456,113,10.3,18,2,8.44,3.4,3.65
Citra Dream 922,214,5.0,98,14,8.67,3.9,11.36
Craft Master 428,175,11.9,31,13,13.0,2.6,4.52
Midnight Velvet 327,161,7.2,40,34,8.97,3.9,7.9
Craft Master 71,325,8.5,17,3,13.77,4.5,7.26
Craft Master 19,230,7.6,35,15,5.33,4.7,6.48
Craft Master 490,192,4.3,15,5,11.58,2.7,8.16
Mountain Fresh 117,349,5.1,22,6,7.6,2.8,6.2
Mocha Madness 899,213,11.7,60,39,8.72,4.4,14.9
Craft Master 977,108,8.9,18,8,10.32,4.2,5.09
Crisp Breeze 555,102,8.2,18,2,12.69,2.8,5.67
Craft Master 612,122,8.5,18,6,8.63,3.2,5.71
Mountain Fresh 15,313,3.8,20,6,6.0,4.2,3.97
Crisp Breeze 738,252,4.1,25,3,6.76,3.9,3.54
Craft Master 220,87,10.6,22,14,12.34,4.3,4.45
Golden Spark 38,301,5.3,25,5,14.31,4.8,4.38
Citra Dream 966,292,5.3,52,13,13.95,3.9,7.87
Craft Master 435,312,11.0,24,13,5.39,3.8,5.12
Pineapple Punch 78,263,6.1,70,6,12.41,2.8,6.07
Mocha Madness 639,205,7.1,43,25,11.66,4.5,14.4
Citra Dream 668,245,5.3,73,7,10.09,2.7,6.55
Mountain Fresh 381,343,11.6,13,2,3.7,4.6,6.13
Craft Master 12,338,7.0,18,5,13.05,3.5,8.7
Mountain Fresh 734,173,6.4,18,3,11.77,4.3,6.62
Craft Master 729,266,8.4,17,4,12.44,3.6,4.85
Craft Master 524,256,5.3,25,12,12.75,4.6,5.42
Midnight Velvet 187,246,7.3,47,33,3.29,4.6,6.32
Craft Master 447,131,3.2,17,7,9.61,4.0,8.99
Craft Master 690,154,9.8,38,10,9.81,4.2,8.67
Craft Master 302,314,4.7,23,11,13.52,3.5,4.15
Craft Master 623,236,7.7,39,14,10.61,3.2,7.04
Pineapple Punch 234,235,8.6,75,11,9.53,4.9,8.21
Mocha Madness 415,236,6.6,52,27,13.61,2.9,14.21
Craft Master 576,322,4.7,17,6,14.14,3.0,7.35
Craft Master 659,281,7.2,24,14,11.46,3.1,7.97
Pineapple Punch 471,268,7.5,81,6,9.07,3.5,5.66
Midnight Velvet 613,255,7.6,41,28,8.68,3.3,11.19
Craft Master 948,235,5.8,38,14,10.67,3.5,6.72
Mocha Madness 293,223,5.6,35,37,10.11,4.0,6.45
Craft Master 629,90,6.8,20,16,6.99,2.9,4.95
Citra Dream 15,288,8.6,60,9,13.48,3.2,9.28
Craft Master 837,223,9.8,39,13,10.19,3.0,9.48
Hop Explosion 754,81,4.5,70,10,5.1,2.9,10.35
Craft Master 917,329,6.2,18,5,9.21,3.9,6.36
Coffee Infusion 333,107,10.5,44,40,7.59,2.7,13.44
Golden Spark 614,176,4.3,10,3,9.83,4.6,4.63
Craft Master 813,335,9.2,20,8,11.99,4.4,8.87
Craft Master 448,234,3.9,23,16,5.97,4.7,7.02
Golden Spark 382,92,8.5,11,6,10.39,3.0,6.59
Golden Spark 818,315,10.1,11,4,7.25,3.3,6.64
Pineapple Punch 120,177,10.3,71,12,4.25,2.8,10.34
Craft Master 905,162,7.9,13,7,3.32,3.9,6.67
Craft Master 227,347,7.8,12,5,14.53,3.4,6.22
Hop Explosion 513,137,3.5,61,10,5.56,4.2,7.69
Midnight Velvet 588,303,7.3,54,35,10.36,3.7,13.19
Craft Master 89,346,10.0,18,3,11.23,4.7,8.59
Mocha Madness 643,170,4.0,46,32,12.09,2.6,11.88
Coffee Infusion 129,88,6.7,31,26,9.37,2.6,12.31
Craft Master 155,317,7.1,19,7,12.73,3.7,8.01
Craft Master 383,257,7.7,27,15,11.23,2.8,8.94
Craft Master 952,101,11.2,17,5,7.81,4.1,8.62
Craft Master 780,92,9.8,37,10,11.48,4.2,9.49
Coffee Infusion 126,84,8.9,60,39,14.73,2.9,6.22
Hop Explosion 530,348,5.5,96,9,3.05,4.2,8.62
Craft Master 744,268,9.4,37,14,11.0,3.2,5.44
Craft Master 115,235,3.7,13,4,12.1,2.9,5.22
Craft Master 331,309,5.7,36,14,6.31,3.2,5.28
Craft Master 238,195,9.8,35,14,13.78,2.9,5.25
Craft Master 759,175,6.1,33,13,9.66,2.8,8.04
Mountain Fresh 249,104,11.7,23,4,14.82,2.7,4.51
Mountain Fresh 167,159,7.9,15,2,6.84,3.8,3.14
Mocha Madness 48,329,8.0,31,38,14.26,3.0,14.95
Golden Spark 711,238,6.5,23,3,14.81,3.5,4.66
Mocha Madness 1,305,8.6,46,28,5.49,3.7,13.93
Mountain Fresh 251,176,4.4,10,6,13.7,4.5,6.38
Craft Master 450,204,6.4,12,6,8.57,4.2,4.54
Craft Master 541,130,3.0,39,16,3.31,4.4,7.04
Pineapple Punch 693,205,7.8,65,14,8.19,4.6,11.59
Craft Master 768,162,5.3,17,3,7.82,4.6,7.42
Craft Master 230,134,11.4,13,4,12.64,4.2,6.92
Crisp Breeze 410,268,5.0,15,6,5.92,3.3,4.11
Crisp Breeze 91,81,5.9,10,6,13.99,4.7,4.74
Golden Spark 300,131,3.2,10,2,11.53,3.1,6.78
Coffee Infusion 570,101,7.9,57,32,3.24,3.6,6.28
Crisp Breeze 304,224,4.5,23,6,8.06,4.6,4.73
Mocha Madness 397,268,3.2,39,27,8.37,3.4,11.17
Crisp Breeze 94,101,5.3,18,6,4.02,4.4,6.32
Mocha Madness 427,91,10.8,43,27,13.44,2.6,9.55
Craft Master 963,166,10.1,28,15,10.28,4.7,5.63
Crisp Breeze 943,109,7.8,21,4,11.9,5.0,5.93
Craft Master 115,338,6.9,10,6,9.64,3.4,7.84
Craft Master 357,209,3.4,40,16,6.12,4.1,4.43
Golden Spark 257,188,5.1,11,2,8.98,4.2,7.5
Pineapple Punch 566,226,6.0,50,10,4.68,3.4,10.18
Coffee Infusion 105,143,4.3,53,31,5.89,4.4,11.55
Craft Master 305,223,4.8,16,3,9.98,4.8,6.75
Craft Master 410,142,7.6,39,16,13.96,4.6,6.37
Pineapple Punch 172,229,4.1,71,14,8.61,4.1,8.1
Craft Master 68,328,9.8,35,12,9.78,3.2,5.55
Craft Master 850,233,4.2,32,10,6.11,4.0,7.96
Craft Master 953,90,10.7,38,14,4.17,3.7,5.51
Craft Master 939,270,7.9,25,11,14.71,4.2,5.95
Crisp Breeze 324,162,9.3,14,2,11.74,2.8,5.91
Pineapple Punch 791,253,6.8,60,13,9.33,2.8,8.95
Hop Explosion 191,292,3.5,87,11,4.97,4.0,5.94
Craft Master 497,285,9.8,24,10,4.89,3.0,9.01
Golden Spark 267,115,5.1,21,5,6.33,4.4,3.77
Craft Master 918,282,9.4,16,3,4.83,2.9,7.28
Citra Dream 923,227,3.9,87,9,11.61,3.8,5.72
Hop Explosion 144,134,6.3,51,7,11.84,2.9,10.06
Pineapple Punch 828,282,6.6,80,6,3.99,3.4,11.03
Mocha Madness 602,278,10.2,48,30,6.69,3.5,6.27
Craft Master 526,96,5.8,26,11,14.72,4.2,9.29
Craft Master 384,88,5.7,15,4,3.99,3.9,5.11
Craft Master 395,237,9.9,14,8,11.46,3.8,9.38
Mountain Fresh 570,274,3.8,15,5,8.86,5.0,7.59
Citra Dream 918,290,9.6,81,7,14.31,3.7,9.44
Mocha Madness 937,153,10.9,56,26,13.73,3.7,10.45
Craft Master 466,90,8.7,30,14,6.53,2.8,5.35
Mountain Fresh 646,153,5.6,16,6,9.23,2.6,7.31
Craft Master 703,259,6.2,30,11,3.96,3.4,5.83
Golden Spark 890,135,5.9,18,6,13.23,3.5,4.68
Midnight Velvet 339,151,3.0,42,31,11.57,3.7,6.16
Craft Master 380,290,3.4,10,8,6.87,4.4,8.86
Mountain Fresh 265,185,6.3,24,6,12.56,3.6,5.69
Craft Master 728,326,6.9,11,7,14.42,2.7,4.62
Craft Master 328,248,11.0,18,3,10.26,2.7,4.63
Craft Master 367,346,8.4,37,13,4.79,4.0,4.56
Craft Master 736,119,11.5,20,7,14.48,4.8,4.87
Mountain Fresh 33,324,9.4,12,6,11.2,4.6,6.27
Craft Master 848,150,3.2,30,13,9.98,4.1,8.95
Craft Master 376,185,7.9,17,7,11.37,4.2,6.23
Pineapple Punch 513,249,5.2,51,6,7.31,3.2,8.33
Craft Master 718,338,7.3,37,14,4.58,2.8,9.56
Midnight Velvet 91,307,9.2,53,30,8.9,3.1,12.1
Mountain Fresh 677,81,3.9,14,2,3.23,2.5,3.66
Craft Master 193,236,8.7,21,16,14.23,4.0,6.3
Golden Spark 144,185,7.8,21,2,8.3,2.6,6.2
Hop Explosion 498,197,5.8,74,11,14.74,3.2,8.67
Craft Master 871,198,3.3,11,5,12.64,3.7,8.38
Citra Dream 742,280,7.2,72,13,13.5,2.6,7.1
Craft Master 72,223,3.7,19,6,14.41,3.6,5.37
Citra Dream 455,344,12.0,68,11,12.74,2.7,10.62
Coffee Infusion 22,232,8.7,39,35,4.98,4.7,8.28
Pineapple Punch 920,315,9.8,75,12,7.12,4.7,10.11
Coffee Infusion 27,264,3.4,49,34,14.72,4.1,7.68
Pineapple Punch 995,228,9.4,51,10,9.16,3.3,11.55
Citra Dream 332,288,6.1,71,11,14.08,3.8,9.4
Hop Explosion 401,298,4.3,69,12,6.31,3.4,8.77
Citra Dream 227,321,5.8,61,11,8.94,2.6,10.77
Craft Master 207,157,7.8,40,14,8.99,3.8,7.83
Craft Master 10,85,10.7,16,8,4.65,2.7,4.79
Craft Master 781,347,11.6,16,6,12.02,4.6,9.35
Craft Master 277,132,11.9,18,5,7.3,5.0,9.27
Craft Master 117,191,9.1,27,11,6.81,3.0,4.29
Craft Master 73,196,11.5,22,10,6.6,2.9,6.4
Craft Master 338,134,10.8,39,10,8.41,4.9,5.33
Coffee Infusion 356,117,3.0,38,30,8.7,3.2,10.59
Craft Master 110,281,9.8,16,3,11.52,2.6,9.31
Craft Master 911,327,7.3,19,7,4.44,2.8,5.64
Citra Dream 849,255,5.7,50,7,13.28,5.0,6.27
Craft Master 273,281,5.5,27,13,4.09,2.6,4.07
Craft Master 390,175,5.3,37,15,3.93,4.0,6.63
Mountain Fresh 78,240,8.3,21,2,9.15,4.7,5.51
Craft Master 791,171,11.6,25,16,7.14,4.5,6.0
Craft Master 278,135,8.8,19,8,6.99,2.5,6.08
Craft Master 778,114,5.0,13,5,11.89,3.1,7.99
Mountain Fresh 901,117,5.3,22,4,6.39,3.4,4.84
Midnight Velvet 468,348,5.8,59,26,9.76,3.7,12.78
Craft Master 512,220,9.2,15,5,8.82,2.6,5.51
Craft Master 421,297,7.6,40,16,14.51,3.1,5.77
Mocha Madness 819,195,7.5,30,29,10.91,3.4,9.8
Coffee Infusion 266,340,8.7,33,34,4.13,3.5,13.96
Craft Master 134,277,7.1,28,15,14.73,2.6,7.84
Craft Master 259,159,5.1,14,6,13.24,3.5,5.61
Hop Explosion 910,83,7.2,75,12,8.64,4.5,6.23
Craft Master 898,81,3.5,16,7,5.96,4.8,7.94
Pineapple Punch 896,312,3.2,93,14,13.97,3.9,9.23
Coffee Infusion 282,269,5.7,42,34,13.98,3.1,6.01
Golden Spark 2,296,5.8,13,6,8.49,4.0,5.42
Golden Spark 641,237,11.7,24,5,7.15,3.5,4.37
Craft Master 392,310,9.9,23,15,4.72,3.1,8.59
Craft Master 560,328,9.2,18,8,3.02,4.7,7.16
Pineapple Punch 270,171,6.8,95,12,4.96,3.2,7.65
Coffee Infusion 621,189,5.7,50,36,4.96,4.9,10.97
Coffee Infusion 577,347,4.2,43,40,9.24,2.8,12.02
Pineapple Punch 50,86,5.8,53,9,9.41,2.6,5.86
Mocha Madness 15,214,6.4,34,28,6.28,3.5,9.55
Mountain Fresh 140,102,6.5,15,4,7.99,2.8,5.81
Mountain Fresh 899,109,5.8,13,5,6.47,3.1,4.64
Craft Master 699,95,5.5,11,3,9.27,4.9,6.79
Crisp Breeze 853,247,11.6,19,2,4.83,3.4,7.39
Craft Master 432,234,5.0,11,4,7.39,4.2,7.52
Golden Spark 890,332,9.1,21,3,3.25,3.6,5.61
Craft Master 346,231,4.5,21,13,13.72,3.9,4.63
Citra Dream 551,225,10.6,93,6,3.26,2.7,9.01
Pineapple Punch 277,172,11.4,79,8,9.27,4.3,5.36
Craft Master 363,195,6.3,15,5,4.27,4.5,6.81
Golden Spark 520,308,11.8,18,3,9.88,2.9,5.71
Mocha Madness 824,176,8.6,39,32,13.27,2.9,11.42
Craft Master 390,207,3.9,26,15,8.82,4.2,9.35
Craft Master 368,281,10.1,14,5,5.25,3.1,5.16
Citra Dream 220,190,9.8,78,10,7.68,5.0,8.32
Midnight Velvet 595,232,5.3,32,38,4.0,2.6,6.94
Citra Dream 158,335,6.9,86,8,7.22,3.0,7.5
Pineapple Punch 507,229,10.4,91,11,13.36,3.9,5.51
Golden Spark 100,336,7.7,18,2,8.17,4.9,5.91
Pineapple Punch 622,100,10.9,57,7,10.85,2.9,6.77
Craft Master 109,88,5.3,32,11,4.28,4.7,5.33
Mountain Fresh 279,156,11.9,12,4,11.56,4.9,7.37
Crisp Breeze 753,96,3.6,11,6,11.33,4.4,7.38
Mountain Fresh 711,223,6.6,14,3,12.03,2.6,3.52
Crisp Breeze 594,190,11.0,21,6,11.41,4.5,6.71
Hop Explosion 696,302,11.5,57,9,3.32,2.5,11.03
Pineapple Punch 194,235,11.6,52,12,10.27,4.4,9.97
Crisp Breeze 687,227,3.6,12,2,10.47,3.2,5.46
Pineapple Punch 766,278,9.6,95,9,10.82,3.9,9.79
Hop Explosion 88,192,9.8,72,8,6.72,2.8,7.11
Coffee Infusion 269,323,4.6,36,33,7.63,2.7,8.68
Craft Master 698,251,4.8,33,12,11.86,3.6,5.06
Craft Master 215,159,9.2,36,13,6.55,3.0,8.34
Crisp Breeze 83,220,9.0,11,6,12.55,3.9,3.54
Craft Master 683,169,4.7,16,8,5.47,3.5,7.29
Craft Master 576,84,5.1,39,14,10.82,4.3,8.53
Citra Dream 607,296,8.9,65,12,11.37,2.6,5.12
Citra Dream 799,205,8.5,56,8,6.7,4.8,6.51
Craft Master 231,311,10.7,19,4,3.88,2.8,8.51
Craft Master 863,155,11.0,13,7,12.66,2.6,8.45
Citra Dream 705,154,8.4,80,13,12.29,2.8,9.81
Craft Master 666,214,7.2,32,12,3.78,4.0,9.12
Craft Master 814,301,8.7,19,5,8.33,3.9,9.26
Citra Dream 360,257,5.8,91,6,6.85,3.9,6.45
Hop Explosion 168,198,5.0,80,7,6.19,2.9,11.34
Craft Master 661,287,6.1,20,8,11.27,3.6,5.78
Citra Dream 705,229,3.5,56,7,3.07,3.8,10.19
Mocha Madness 890,222,10.2,37,34,7.24,2.6,8.66
Pineapple Punch 730,347,7.5,81,14,7.13,4.0,11.86
Craft Master 594,332,6.1,34,15,3.8,3.1,5.64
Craft Master 815,303,4.8,16,5,5.12,4.8,6.03
Hop Explosion 701,257,6.3,74,9,12.74,3.2,11.43
Craft Master 395,305,9.0,35,11,3.75,3.6,8.53
Golden Spark 853,221,3.2,10,5,7.38,3.0,3.06
Craft Master 978,276,11.1,34,14,10.13,3.4,8.04
Craft Master 797,158,10.4,36,11,8.99,3.2,5.74
Golden Spark 681,131,11.0,13,3,8.5,3.3,6.64
Craft Master 490,192,5.2,19,8,12.86,3.3,5.79
Craft Master 996,176,7.5,14,3,14.39,3.0,7.07
Coffee Infusion 844,177,5.8,57,30,5.07,4.5,8.72
Coffee Infusion 605,273,6.1,40,38,11.68,4.3,8.47
Craft Master 506,271,3.7,10,8,8.96,3.3,5.67
Mountain Fresh 559,81,4.6,23,2,9.48,4.9,6.8
Coffee Infusion 312,157,10.0,47,38,6.5,4.1,11.04
Pineapple Punch 446,210,5.0,71,9,8.29,2.8,11.25
Pineapple Punch 600,130,4.6,86,7,5.53,3.2,9.48
Craft Master 814,336,10.9,22,16,8.34,2.6,7.64
Craft Master 313,268,7.9,32,14,6.16,4.9,7.57
Mountain Fresh 763,81,10.9,16,2,7.27,2.6,6.41
Pineapple Punch 852,314,6.0,84,12,12.95,4.3,9.51
Crisp Breeze 995,218,3.1,24,6,8.2,3.1,6.23
Golden Spark 979,102,9.3,12,6,6.81,3.6,6.14
Craft Master 174,320,7.3,20,12,6.6,4.2,8.3
Craft Master 309,174,9.5,27,11,3.23,4.0,8.43
Crisp Breeze 236,259,9.8,13,5,8.17,4.0,7.07
Midnight Velvet 573,222,6.4,53,26,9.47,3.6,6.64
Hop Explosion 630,304,9.4,89,6,9.52,3.0,9.3
Craft Master 764,258,8.8,21,14,13.67,4.2,5.44
Mountain Fresh 815,236,11.7,23,5,12.77,3.0,3.51
Pineapple Punch 409,272,10.4,79,13,12.3,4.1,7.04
Craft Master 748,282,5.0,14,4,7.53,2.9,9.0
Craft Master 826,87,3.3,38,15,13.11,3.7,4.0
Citra Dream 210,212,8.4,78,7,9.58,4.5,5.9
Craft Master 568,303,4.7,35,15,11.4,3.9,9.47
Midnight Velvet 749,180,6.6,50,30,3.67,2.6,6.65
Craft Master 146,253,8.2,14,8,6.48,4.6,8.06
Craft Master 455,191,9.1,34,14,5.9,4.7,9.54
Crisp Breeze 607,183,5.4,18,5,4.01,3.9,6.01
Craft Master 843,350,11.4,11,8,12.9,3.0,8.45
Coffee Infusion 95,106,8.2,57,39,4.75,4.4,10.63
Hop Explosion 50,240,4.1,98,11,11.38,3.5,6.6
Citra Dream 88,200,6.8,63,10,9.81,4.9,5.9
Citra Dream 699,309,8.6,69,11,3.48,4.2,6.4
Pineapple Punch 373,231,3.3,85,14,14.94,4.4,10.1
Coffee Infusion 480,245,7.5,34,39,6.91,3.3,7.52
Craft Master 800,100,3.4,36,13,12.42,3.1,4.18
Mountain Fresh 309,282,6.5,22,5,7.86,3.3,7.01
Craft Master 180,246,4.2,29,14,4.83,4.0,8.76
Coffee Infusion 857,151,8.8,57,30,7.9,4.9,9.31
Citra Dream 154,122,4.8,60,14,4.3,3.9,8.31
Craft Master 316,176,5.7,31,11,7.65,4.4,7.85
Crisp Breeze 271,308,9.6,25,6,6.23,4.5,6.81
Midnight Velvet 880,178,4.3,45,33,7.99,4.5,6.41
Craft Master 114,317,5.6,21,16,5.47,3.5,5.47
Craft Master 40,168,7.3,39,15,4.71,3.7,5.98
Craft Master 457,98,3.5,18,5,11.43,4.2,6.65
Coffee Infusion 833,144,8.7,34,38,4.25,4.5,13.84
Golden Spark 157,125,5.0,11,3,10.25,3.9,4.14
Craft Master 39,198,6.6,19,4,3.76,4.3,5.04
Mocha Madness 148,106,9.7,33,31,13.74,4.6,14.49
Mountain Fresh 815,177,9.3,24,2,7.43,4.3,4.09
Mountain Fresh 14,87,7.3,25,2,6.49,2.8,4.1
Craft Master 714,332,9.2,16,4,8.67,5.0,5.53
Coffee Infusion 881,261,4.9,35,38,13.91,4.7,14.57
Craft Master 140,202,4.6,13,8,5.17,4.9,7.25
Citra Dream 275,185,10.2,76,13,3.37,3.6,6.42
Golden Spark 477,308,3.6,25,5,6.57,4.1,6.33
Citra Dream 248,173,6.1,60,9,8.9,3.9,9.48
Craft Master 842,333,4.7,15,7,4.5,2.8,7.48
Mountain Fresh 831,159,3.0,13,5,9.33,3.1,6.94
Mocha Madness 401,152,4.0,31,30,14.78,2.6,7.87
Craft Master 463,191,11.7,14,8,5.43,3.8,9.19
Midnight Velvet 598,127,10.4,31,31,6.43,3.7,13.41
Craft Master 387,167,9.5,20,5,10.89,4.0,8.11
Craft Master 510,336,5.3,35,10,3.74,2.8,5.92
Coffee Infusion 4,297,11.6,45,28,7.23,5.0,9.99
Pineapple Punch 570,214,5.2,100,6,13.94,3.8,10.82
Mountain Fresh 656,338,5.3,16,3,13.12,4.0,5.96
Craft Master 958,302,9.5,12,8,3.61,2.6,6.2
Craft Master 304,142,9.8,39,11,14.76,4.7,7.02
Craft Master 153,307,6.8,25,12,8.66,4.4,8.37
Craft Master 486,166,5.9,19,4,11.31,3.5,6.93
Pineapple Punch 32,334,5.1,87,10,5.66,3.9,6.7
Craft Master 295,268,6.0,14,7,11.25,3.7,4.88
Golden Spark 104,310,3.1,10,5,3.38,4.3,5.98
Mocha Madness 39,327,3.2,30,40,13.14,2.8,9.86
Coffee Infusion 766,157,4.2,51,30,5.03,4.6,12.46
Golden Spark 422,93,10.5,10,3,5.97,3.4,6.56
Craft Master 738,219,8.4,40,10,10.84,3.9,6.75
Golden Spark 916,180,9.4,10,3,10.28,4.7,3.16
Pineapple Punch 546,178,4.9,87,9,12.21,3.6,5.16
Pineapple Punch 167,262,6.5,82,10,7.3,4.3,6.88
Hop Explosion 648,121,5.1,83,10,11.53,3.8,8.03
Craft Master 998,188,10.7,23,11,8.33,3.8,8.92
Pineapple Punch 93,324,11.3,68,13,6.42,2.9,7.49
Mocha Madness 337,267,3.5,58,27,6.36,4.9,11.72
Craft Master 383,284,11.3,16,8,12.17,5.0,8.08
Craft Master 40,299,9.5,18,4,12.51,3.7,8.38
Coffee Infusion 239,182,11.4,43,29,6.69,4.3,9.49
Craft Master 470,84,9.6,38,16,13.72,4.9,5.79
Craft Master 523,269,6.4,40,15,10.52,4.1,8.47
Craft Master 37,149,6.9,37,11,9.37,3.9,4.41
Hop Explosion 878,198,9.9,70,11,14.07,3.0,11.85
Mountain Fresh 52,141,5.2,23,6,7.3,4.8,6.92
Mountain Fresh 787,146,6.5,23,3,8.3,4.6,7.15
Golden Spark 814,260,11.5,23,2,5.6,2.9,5.97
Pineapple Punch 761,282,7.8,80,10,9.35,4.5,10.9
Craft Master 349,178,8.0,17,3,3.19,4.2,5.87
Crisp Breeze 868,296,3.1,18,2,8.46,3.5,3.64
Mountain Fresh 667,321,6.0,10,4,9.6,4.7,4.36
Craft Master 460,270,11.1,16,7,11.6,2.5,7.78
Craft Master 371,302,11.0,21,15,5.85,3.3,7.39
Midnight Velvet 9,103,3.5,31,27,5.02,4.8,7.41
Craft Master 338,308,5.3,36,15,4.44,4.4,6.05
Craft Master 567,231,6.8,39,12,12.21,5.0,7.83
Craft Master 364,310,7.9,36,14,10.29,4.7,7.73
Craft Master 757,300,6.6,15,5,10.47,4.8,4.99
Craft Master 784,145,11.9,27,16,5.14,4.6,7.08
Craft Master 606,165,6.1,27,10,7.39,4.7,9.8
Mocha Madness 711,175,7.2,47,32,10.43,4.3,10.23
Craft Master 607,282,7.0,40,16,8.05,3.2,9.09
Craft Master 480,256,10.1,30,12,5.87,2.5,6.96
Craft Master 915,84,3.7,11,8,12.98,2.8,5.45
Crisp Breeze 679,160,8.3,16,5,12.71,3.6,4.49
Craft Master 434,267,5.1,39,12,5.62,3.1,7.52
Craft Master 710,150,7.2,35,14,3.06,4.8,7.63
Hop Explosion 61,103,6.1,75,14,11.64,3.5,10.91
Craft Master 975,210,4.1,22,13,11.37,3.4,9.81
Craft Master 533,182,6.7,27,10,13.16,2.7,9.71
Midnight Velvet 72,162,11.5,32,26,8.77,3.6,9.46
Mocha Madness 333,196,6.7,38,29,8.72,2.9,9.61
Mocha Madness 336,343,5.7,30,40,5.01,3.6,8.34
Golden Spark 802,196,11.8,17,4,3.33,4.4,6.17
Craft Master 592,327,4.1,34,14,10.36,4.1,4.38
Crisp Breeze 149,164,10.7,10,3,13.07,4.9,4.8
Craft Master 339,217,6.4,29,13,10.17,4.8,9.85
Craft Master 35,341,7.7,34,12,4.14,4.8,9.12
Craft Master 425,333,6.1,14,7,3.62,3.3,6.31
Coffee Infusion 534,261,6.2,47,32,4.73,3.1,14.66
Midnight Velvet 714,229,7.3,46,32,4.19,3.7,9.85
Mountain Fresh 293,129,5.5,18,5,10.76,3.8,4.41
Craft Master 773,197,9.4,23,14,12.4,3.3,9.86
Craft Master 798,192,8.7,33,10,3.32,3.9,9.76
Mocha Madness 540,102,5.0,35,37,14.71,3.7,14.11
Craft Master 969,112,3.8,40,16,12.3,2.9,7.3
Citra Dream 789,160,11.7,68,6,11.1,4.3,10.29
Craft Master 65,262,7.7,14,8,6.2,3.4,9.48
Crisp Breeze 657,236,3.0,23,5,7.47,3.2,6.6
Mountain Fresh 818,327,6.0,18,3,3.39,3.3,4.59
Coffee Infusion 719,283,3.4,38,28,4.16,3.2,8.15
Crisp Breeze 961,213,8.0,18,4,4.52,4.5,7.65
Crisp Breeze 736,216,7.2,12,2,14.98,2.8,5.49
Craft Master 422,321,11.9,25,11,9.01,3.3,7.8
Coffee Infusion 356,315,8.5,59,26,4.2,2.7,13.58
Coffee Infusion 192,318,11.5,57,28,12.21,4.8,11.68
Golden Spark 747,319,5.1,10,2,4.29,4.2,7.84
Craft Master 766,125,3.4,18,4,11.8,4.0,7.98
Craft Master 344,253,9.3,14,5,14.68,3.3,5.13
Craft Master 129,308,5.4,25,15,4.16,3.8,4.21
Craft Master 498,322,4.7,33,15,7.42,2.9,6.91
Craft Master 176,350,5.3,29,10,5.64,3.8,9.22
Midnight Velvet 585,270,11.1,45,38,14.25,3.0,10.83
Citra Dream 388,108,3.5,68,6,4.11,5.0,8.84
Pineapple Punch 758,328,10.5,96,12,7.45,3.2,6.93
Craft Master 16,176,10.9,12,3,5.0,2.5,6.63
Hop Explosion 141,101,5.0,61,9,9.37,3.8,7.94
Midnight Velvet 862,238,7.8,37,33,9.69,3.1,7.72
Craft Master 276,128,10.1,14,7,4.84,4.6,5.59
Craft Master 384,147,11.5,16,3,5.91,3.3,7.45
Craft Master 994,266,7.0,24,16,7.68,3.5,4.25
Citra Dream 125,148,5.2,69,13,8.03,3.5,11.59
Midnight Velvet 340,152,11.0,36,29,8.4,3.1,13.93
Craft Master 383,166,10.3,11,7,9.26,3.3,5.34
Craft Master 546,155,5.9,11,6,14.64,3.8,7.02
Golden Spark 785,298,5.8,12,5,14.23,2.9,5.87
Mocha Madness 638,86,4.0,34,28,6.31,4.9,11.48
Citra Dream 32,276,6.7,65,7,13.28,2.9,6.07
Mountain Fresh 301,197,6.7,12,6,5.77,2.8,3.58
Craft Master 265,193,4.2,20,3,5.95,4.3,6.85
Craft Master 588,241,4.4,25,12,8.82,3.4,7.48
Craft Master 114,195,6.2,38,11,13.59,2.5,7.05
Craft Master 280,131,9.9,20,8,5.41,3.7,7.89
Golden Spark 754,313,6.4,22,2,14.87,3.2,6.03
Mocha Madness 851,244,11.5,55,37,4.5,4.0,10.85
Coffee Infusion 691,340,7.4,40,30,12.79,3.5,10.03
Midnight Velvet 302,349,5.3,54,36,5.92,4.6,10.92
Mountain Fresh 584,180,3.3,22,5,10.21,4.1,3.57
Citra Dream 851,193,10.5,80,12,13.29,3.6,9.92
Hop Explosion 187,153,8.7,79,7,6.17,4.2,6.3
Hop Explosion 729,313,5.2,64,14,14.18,3.6,6.66
Craft Master 126,216,10.0,10,5,4.87,4.4,5.59
Craft Master 668,244,7.7,22,12,13.18,4.8,5.13
Crisp Breeze 424,245,9.4,24,4,7.48,3.6,5.51
Craft Master 150,342,5.6,29,10,12.42,4.8,9.52
Hop Explosion 358,249,6.8,55,8,8.86,3.7,8.85
Mountain Fresh 362,227,5.9,24,4,12.01,2.7,3.72
Midnight Velvet 625,322,6.9,46,34,11.64,4.7,7.98
Coffee Infusion 822,335,5.5,48,35,11.14,3.0,14.47
Pineapple Punch 257,249,4.6,98,14,9.04,4.5,8.84
Craft Master 385,167,6.0,17,8,10.11,2.6,4.86
Mountain Fresh 73,158,7.1,12,6,5.41,4.1,6.35
Craft Master 997,252,7.0,18,5,6.25,3.5,7.57
Hop Explosion 278,338,3.9,96,14,4.53,4.9,10.58
Coffee Infusion 587,277,3.6,58,29,13.01,3.8,13.06
Craft Master 509,297,11.9,15,3,3.86,3.9,4.74
Pineapple Punch 218,231,7.3,64,11,13.7,5.0,5.12
Crisp Breeze 856,255,10.6,11,5,11.56,4.3,5.34
Golden Spark 388,295,5.9,12,4,8.22,4.3,3.6
Pineapple Punch 960,108,11.7,59,8,12.08,4.7,9.33
Midnight Velvet 484,118,5.7,39,29,6.75,3.5,10.09
Craft Master 278,185,5.9,20,10,13.43,4.8,8.16
Craft Master 441,339,11.6,10,4,4.08,4.1,5.53
Craft Master 841,341,10.9,39,15,4.61,4.5,9.73
Mocha Madness 506,141,6.6,49,36,12.15,3.3,13.49
Craft Master 972,311,9.6,39,11,4.9,3.6,4.21
Coffee Infusion 688,137,3.0,41,31,6.34,2.5,13.42
Mountain Fresh 552,125,7.6,24,6,7.6,3.7,4.62
Mountain Fresh 462,172,6.3,16,4,13.58,4.3,6.81
Craft Master 848,214,8.9,26,15,6.47,4.1,9.49
Craft Master 821,230,8.5,19,5,6.83,4.6,9.16
Golden Spark 203,87,4.7,18,5,8.49,3.2,3.58
Pineapple Punch 725,350,7.8,50,11,13.01,4.7,7.7
Midnight Velvet 466,206,3.2,45,34,5.19,4.3,7.46
Pineapple Punch 273,262,11.6,63,6,14.57,3.5,10.75
Midnight Velvet 310,347,11.2,60,37,8.19,2.5,14.54
Craft Master 68,230,10.3,29,12,11.42,4.5,8.33
Craft Master 58,310,9.1,27,16,11.23,3.9,9.28
Citra Dream 744,329,11.7,58,6,5.84,2.6,7.68
Craft Master 991,252,3.9,25,15,13.99,4.8,9.27
Coffee Infusion 866,210,7.8,47,34,9.56,3.4,6.73
Craft Master 904,257,3.6,30,14,10.77,2.9,7.49
Craft Master 776,282,9.4,19,7,9.65,4.6,5.7
Craft Master 926,312,7.4,19,5,12.57,3.7,8.24
Mocha Madness 287,298,11.0,39,38,6.18,2.6,8.86
Golden Spark 361,153,8.8,23,6,9.33,4.9,6.14
Pineapple Punch 731,285,8.0,91,8,11.5,4.9,9.91
Craft Master 9,172,4.1,21,14,3.56,2.5,6.04
Craft Master 429,330,10.7,28,16,13.14,2.6,9.16
Citra Dream 936,176,6.8,63,7,10.88,4.2,6.42
Mocha Madness 165,211,9.2,56,39,12.21,3.5,12.4
Craft Master 156,209,8.1,24,15,3.15,2.9,7.38
Craft Master 459,151,4.8,35,13,13.21,4.4,8.18
Mountain Fresh 417,234,5.6,18,4,6.32,3.1,5.15
Golden Spark 131,132,7.2,14,3,9.75,3.3,3.58
Midnight Velvet 847,205,9.1,37,35,3.52,4.3,6.35
Golden Spark 718,271,4.5,15,6,7.23,2.9,5.63
Pineapple Punch 283,258,11.9,85,11,12.0,4.4,7.11
Mocha Madness 704,127,11.9,35,27,6.4,3.1,13.49
Craft Master 832,233,7.7,18,7,12.18,3.2,8.69
Craft Master 607,90,11.7,31,12,3.89,3.5,6.98
Craft Master 195,259,11.9,13,8,12.59,4.5,5.17
Midnight Velvet 432,166,3.8,36,25,6.95,3.4,7.83
Crisp Breeze 415,209,5.0,15,3,5.09,2.8,4.56
Craft Master 134,309,4.3,16,8,3.93,2.9,7.71
Coffee Infusion 182,291,8.2,38,34,6.48,3.5,14.17
Crisp Breeze 601,137,11.9,15,5,8.52,4.0,3.77
Mocha Madness 959,197,8.9,55,34,6.08,3.3,9.75
Craft Master 273,347,9.7,17,8,14.97,4.9,9.01
Craft Master 664,272,11.9,16,4,5.42,5.0,8.89
Midnight Velvet 849,123,7.3,31,36,7.52,2.8,8.34
Craft Master 99,163,6.9,18,7,8.85,4.7,6.9
Craft Master 987,350,10.1,17,3,7.7,3.8,5.08
Craft Master 370,162,5.4,15,6,7.82,5.0,8.01
Midnight Velvet 453,158,3.0,31,27,11.18,3.6,8.55
Midnight Velvet 828,195,7.4,46,39,9.27,4.0,11.8
Craft Master 50,191,9.5,13,8,9.91,2.6,8.73
Mocha Madness 723,325,6.2,31,34,8.14,3.8,7.34
Crisp Breeze 71,100,10.3,22,5,5.39,3.0,4.13
Craft Master 709,195,5.7,18,5,10.95,3.3,8.95
Citra Dream 842,96,6.5,83,14,10.34,4.8,5.69
Crisp Breeze 154,219,5.9,10,2,13.24,3.8,6.45
Mountain Fresh 814,267,6.4,13,6,3.69,4.5,3.75
Citra Dream 905,199,5.7,52,7,13.37,3.0,7.9
Hop Explosion 666,304,9.0,82,13,9.56,4.3,9.56
Citra Dream 413,117,10.9,68,10,12.98,4.6,8.43
Hop Explosion 970,222,4.4,73,8,13.72,4.4,5.13
Craft Master 150,310,7.7,15,7,11.93,2.5,5.83
Citra Dream 189,167,10.3,90,12,14.4,4.8,9.8
Citra Dream 743,165,7.6,53,9,5.38,3.9,11.2
Mocha Madness 608,302,7.6,60,38,3.86,4.8,6.99
Craft Master 496,195,10.9,17,3,4.0,3.3,8.33
Golden Spark 713,239,5.9,18,4,8.3,4.8,6.76
Craft Master 21,123,10.2,12,3,10.4,3.4,4.85
Craft Master 627,208,3.9,21,10,14.74,4.0,8.67
Craft Master 397,259,10.2,10,7,4.21,2.8,9.03
Craft Master 405,197,8.9,19,5,10.99,3.3,5.5
Hop Explosion 42,101,7.9,97,10,7.87,4.3,11.83
Citra Dream 425,309,10.8,71,7,12.79,4.7,7.5
Midnight Velvet 259,203,7.5,53,31,12.44,3.0,8.12
Craft Master 200,338,8.9,35,11,12.68,2.8,8.98
Pineapple Punch 855,204,9.2,89,6,13.79,3.9,10.24
Pineapple Punch 37,212,6.8,62,13,10.98,4.8,11.49
Mocha Madness 914,92,7.0,45,27,4.53,2.9,10.9
Craft Master 445,221,4.7,21,12,5.41,3.6,6.32
Craft Master 501,314,8.8,12,5,4.62,3.2,5.58
Craft Master 226,252,5.7,33,11,8.41,4.5,7.3
Mountain Fresh 670,331,9.7,14,2,14.2,3.8,5.04
Craft Master 899,154,10.5,40,16,13.48,4.2,9.76
Crisp Breeze 995,344,10.4,15,3,9.1,2.5,5.56
Hop Explosion 823,85,11.1,76,11,7.97,2.8,11.24
Mountain Fresh 912,140,11.8,10,3,6.04,3.3,6.83
Mountain Fresh 460,330,3.3,13,5,13.66,4.4,6.17
Craft Master 505,110,5.4,36,15,7.11,4.8,6.83
Citra Dream 242,229,9.8,70,12,4.92,4.6,6.48
Midnight Velvet 36,301,5.0,42,39,6.05,4.9,11.58
Pineapple Punch 597,345,3.3,65,9,4.78,2.6,7.19
Craft Master 194,187,4.4,24,12,7.96,4.1,5.0
Craft Master 110,282,3.4,33,12,10.48,3.2,7.7
Mocha Madness 539,158,4.1,47,29,9.59,3.6,7.65
Midnight Velvet 126,196,8.5,41,27,13.1,3.9,7.43
Craft Master 617,253,11.9,17,7,12.95,3.8,6.47
Coffee Infusion 158,247,11.2,41,38,7.04,4.7,13.07
Craft Master 713,178,4.2,32,11,8.76,2.9,5.36
Craft Master 179,320,8.0,28,15,10.79,4.9,5.65
Crisp Breeze 544,181,5.5,15,5,3.27,2.9,4.83
Craft Master 267,207,11.3,25,16,7.55,3.0,8.95
Craft Master 813,231,6.2,24,12,13.02,3.8,4.81
Coffee Infusion 710,252,10.6,59,32,3.17,3.0,9.15
Crisp Breeze 895,214,3.9,22,5,13.65,3.0,4.3
Mountain Fresh 481,265,11.5,23,5,12.43,2.5,6.24
Craft Master 724,287,6.3,35,10,14.04,3.1,8.69
Craft Master 454,245,6.2,29,13,8.82,3.4,6.93
Pineapple Punch 726,145,3.3,62,12,14.81,4.6,6.39
Mountain Fresh 487,237,11.6,15,6,13.87,4.5,6.79
Mountain Fresh 938,229,5.0,13,5,11.34,3.6,7.2
Craft Master 992,133,5.0,16,8,7.27,4.4,8.43
Crisp Breeze 451,244,3.9,15,6,14.39,3.4,7.9
Craft Master 879,328,6.2,12,7,6.73,3.8,8.46
Coffee Infusion 199,295,10.9,35,29,11.89,4.8,6.96
Craft Master 186,185,3.8,29,11,14.29,4.1,5.43
Hop Explosion 738,235,10.6,84,9,8.4,3.3,10.45
Midnight Velvet 236,195,11.0,43,37,11.21,4.7,14.21
Crisp Breeze 56,121,11.2,16,2,8.1,3.5,3.8
Crisp Breeze 844,329,8.2,14,2,11.49,4.5,6.79
Pineapple Punch 308,121,6.4,91,14,11.31,4.9,8.63
Craft Master 396,221,4.7,28,12,12.45,3.4,6.23
Mocha Madness 22,145,11.3,48,29,9.89,4.1,9.75
Craft Master 122,102,6.4,10,7,8.04,3.8,4.81
Coffee Infusion 967,143,7.6,56,33,12.87,2.7,6.31
Craft Master 554,204,11.2,20,5,9.16,3.2,8.34
Craft Master 904,345,3.1,19,6,14.97,3.7,7.94
Craft Master 351,137,11.5,39,12,3.72,5.0,9.63
Coffee Infusion 723,276,4.8,54,39,8.96,4.7,12.91
Golden Spark 346,106,8.1,25,3,3.47,4.1,4.81
Craft Master 953,288,8.6,24,10,10.46,4.6,5.8
Hop Explosion 787,83,5.6,88,10,3.05,2.7,10.54
Citra Dream 202,137,7.9,94,10,4.9,3.9,10.35
Mocha Madness 979,256,11.8,46,36,5.72,3.4,6.17
Craft Master 178,292,3.4,38,13,9.88,4.7,7.97
Crisp Breeze 773,223,5.1,20,5,10.75,4.9,6.78
Craft Master 917,334,10.1,21,16,8.75,3.5,7.0
Midnight Velvet 398,104,11.4,41,40,10.47,2.7,13.64
Hop Explosion 455,313,9.5,74,11,6.1,3.8,8.4
Crisp Breeze 406,154,3.1,11,6,9.36,2.8,3.07
Craft Master 851,270,11.6,23,16,9.61,4.3,4.54
Midnight Velvet 889,345,8.2,31,26,13.91,3.7,10.83
Golden Spark 265,147,4.2,11,3,13.89,2.7,5.05
Pineapple Punch 66,189,11.0,67,12,7.62,3.8,9.58
Craft Master 146,142,6.6,16,3,6.59,4.4,5.35
Mocha Madness 523,314,6.9,41,31,9.14,4.0,12.4
Craft Master 603,208,9.2,13,4,8.64,3.1,5.38
Craft Master 317,165,3.4,33,15,3.09,4.9,6.81
Craft Master 363,191,10.3,25,13,13.22,4.4,4.41
Craft Master 760,327,3.2,19,8,12.6,3.6,6.2
Crisp Breeze 325,317,10.7,25,3,12.7,2.7,4.18
Craft Master 592,330,8.6,24,10,11.11,4.8,6.51
Craft Master 613,137,5.6,15,7,14.66,4.8,5.34
Craft Master 59,104,9.1,12,6,4.53,3.0,8.57
Craft Master 148,260,6.8,19,6,7.05,4.1,6.33
Mocha Madness 708,258,7.6,57,30,3.86,4.6,13.54
Mountain Fresh 315,149,5.6,19,4,12.28,3.6,3.11
Craft Master 369,206,6.3,28,16,7.73,3.8,9.42
Craft Master 7,118,11.5,19,6,8.99,3.6,8.61
Citra Dream 75,86,6.2,76,10,12.93,4.7,9.26
Mountain Fresh 50,307,5.0,21,3,11.53,3.0,4.5
Crisp Breeze 19,243,9.3,11,3,10.32,4.7,7.83
Golden Spark 888,152,12.0,13,5,3.98,3.9,6.56
Craft Master 13,172,6.1,38,15,9.49,3.9,7.59
Craft Master 961,246,11.0,15,3,6.29,3.1,7.09
Craft Master 623,91,8.9,18,8,8.69,4.5,6.94
Craft Master 81,145,8.7,26,12,12.03,3.7,6.94
Craft Master 834,245,11.5,16,8,7.32,4.9,7.76
Coffee Infusion 132,248,9.4,33,36,8.01,4.9,13.94
Golden Spark 194,292,5.0,25,4,9.56,4.2,5.41
Craft Master 170,334,8.3,11,3,10.62,3.3,4.88
Crisp Breeze 420,175,10.9,15,2,12.3,3.3,4.3
Craft Master 522,271,3.5,17,3,4.1,3.6,8.85
Golden Spark 828,316,4.6,14,3,8.94,3.8,6.42
Citra Dream 422,180,8.2,75,10,6.69,3.8,11.18
Craft Master 746,321,3.1,23,11,7.85,3.2,9.7
Citra Dream 205,238,11.5,83,10,3.29,3.6,5.8
Golden Spark 265,155,10.7,12,2,11.55,4.9,4.35
Craft Master 333,119,6.7,20,8,6.06,3.4,5.07
Golden Spark 54,93,9.2,25,2,6.18,3.8,6.91
Craft Master 868,126,4.4,16,4,7.91,3.8,6.23
Mountain Fresh 214,350,9.3,21,4,9.09,2.8,6.79
Crisp Breeze 463,196,5.9,22,2,3.17,3.6,5.4
Mountain Fresh 858,255,11.6,20,4,11.48,3.1,5.5
Craft Master 861,288,11.3,19,6,9.81,3.0,5.92
Pineapple Punch 163,206,5.5,87,8,10.71,4.3,9.96
Mocha Madness 86,247,4.3,44,33,3.78,4.8,13.37
Craft Master 653,138,10.2,23,14,6.13,2.5,9.46
Craft Master 281,182,5.2,12,6,8.18,3.1,9.31
Craft Master 100,340,8.6,17,8,12.4,3.1,9.42
Mountain Fresh 114,225,3.7,18,3,8.39,4.8,7.42
Craft Master 873,279,10.1,14,4,5.27,2.7,8.73
Craft Master 496,173,4.5,17,4,13.13,3.5,5.31
Pineapple Punch 431,157,7.5,65,10,7.47,4.4,5.57
Craft Master 366,127,8.5,10,8,3.47,4.8,6.27
Hop Explosion 713,192,9.5,70,9,10.15,4.2,89.5
